{
  "name": "Another Level Cleaning (Next.js)",
  "image": "mcr.microsoft.com/devcontainers/javascript-node:1-20-bullseye",
  "features": {
    "ghcr.io/devcontainers/features/node:1": {
      "version": "20"
    }
  },
  "postCreateCommand": "npm install",
  "customizations": {
    "vscode": {
      "settings": {
        "editor.formatOnSave": true,
        "files.eol": "\n"
      },
      "extensions": [
        "dbaeumer.vscode-eslint",
        "esbenp.prettier-vscode",
        "bradlc.vscode-tailwindcss"
      ]
    }
  },
  "forwardPorts": [3000],
  "portsAttributes": {
    "3000": { "label": "Next.js App", "onAutoForward": "openBrowser" }
  }
}
